,Date,User_ID,Tweet_ID,Location,Tweets,Favorite Count,Retweet Count,Source
0,2022-04-27,1413027896,1519333168234520577,Join free newsletter here...,"Price to Earnings Ratios...
Clorox $CLX: 74
Kraft Heinz $KHC: 53
Altria $MO: 42
Walmart $WMT: 32
Colgate-Palmolive $CL: 32
PepsiCo $PEP: 32
Hershey $HSY: 31
Coca-Cola $KO: 28
Procter &amp; Gamble $PG: 28
Kroger $KR: 25
S&amp;P 500 $SPY: 21
---
Netflix $NFLX: 17
Facebook $FB: 13",1248,211,
1,2022-04-25,20402945,1518552046710005760,"Englewood Cliffs, NJ",Coca-Cola earnings beat Wall Street estimates as revenue jumps 16% https://t.co/wPKI78dZDF,67,23,https://cnb.cx/38nedDS
2,2022-04-27,1672810880,1519465810070175745,Free newsletter ‚Üí,"5/ Coca Cola &amp; Procter &amp; Gamble

$PG and $KO are just off record levels.

$KO just posted a massive quarterly beat that almost doesn‚Äôt seem possible for a large-cap consumer company in a ‚ÄòBig Data‚Äô age.",0,0,
3,2022-04-27,1480263258879766530,1519465358008139777,,"RT @charliebilello: Price to Earnings Ratios...
Clorox $CLX: 74
Kraft Heinz $KHC: 53
Altria $MO: 42
Walmart $WMT: 32
Colgate-Palmolive $CL:‚Ä¶",0,211,
9,2022-04-27,2665748041,1519449931647528969,,"RT @AndrewRDroste: Coca-Cola Say-on-Pay takes a beating: 50.54% support
 
Compare that with last year‚Äôs 94.3% support
 
$KO #ProxySeason #C‚Ä¶",0,1,
14,2022-04-27,1136370591517290496,1519441097155649538,,"RT @GritGrowthCap: I don‚Äôt understand the $KO and $GOOG comparisons I‚Äôve seen lately, showing the two multiples as if are comparable. 

One‚Ä¶",0,1,
16,2022-04-27,1199726605217738758,1519433914275840004,"Boston, MA","Coca-Cola Say-on-Pay takes a beating: 50.54% support
 
Compare that with last year‚Äôs 94.3% support
 
$KO #ProxySeason #CorpGov #ExecPay #CEOpay https://t.co/JfImXRyNna",3,1,
25,2022-04-27,788403528507101184,1519424643731316738,,"I don‚Äôt understand the $KO and $GOOG comparisons I‚Äôve seen lately, showing the two multiples as if are comparable. 

One company peddles toxic sludge to the American public, and the other is Coca Cola.",5,1,
30,2022-04-27,244185372,1519414664974766081,Kenya,"RT @StockMKTNewz: Coca-Cola $KO today declared a quarterly dividend of $0.44 per share unchanged from its previous dividend

Record date: J‚Ä¶",0,2,
32,2022-04-27,56600745,1519411595423612929,"Ann Arbor, MI",Coca-Cola (KO) Stock: $75 Price Target And Buy Rating https://t.co/IOqY8N5ehc,0,0,http://dlvr.it/SPMNSS
33,2022-04-27,64109894,1519411089204776962,"Los Angeles, CA",RT @LaMonicaBuzz: Coca-Cola earnings were solid. The stock has outperformed the broader market this year too as investors flock to companie‚Ä¶,0,2,
47,2022-04-27,18179525,1519394425058721793,"Pre: 34.0974,-117.99023","RT @CorpTyrannyStop: At a recent #EarthDay event,  @CocaCola  teamed up with a D.C. councilman who has claimed that JEWS CONTROL THE WEATHE‚Ä¶",0,1,
49,2022-04-27,1502324368852066306,1519389795881041921,,"Best and worst performing Dow Jones stocks so far today

Best:
1 Visa $V
2 Microsoft $MSFT
3 Salesforce $CRM
4 Caterpillar $CAAT
5 Nike $NKE
6 Coca-Cola $KO
7 Home Depot $HD

Worst:
1 Boeing $BA
2 Cisco $CSCO
3 Verizon $VZ
4 $JNJ
5 JPMorgan $JPM
6 Walgreens $WBA
7 $AXP",0,0,
50,2022-04-27,2344420430,1519389519841214468,United States,"$KO:

New Insider Filing on COCA COLA CO's

SVP &amp; Chief People Officer

LISA CHANG:

https://t.co/KZyWWXGK88",0,0,https://insideri.com/21344_000112760222012569_0001127602-22-012569
51,2022-04-27,1374032130959900673,1519389193436377088,Washington D.C.,"At a recent #EarthDay event,  @CocaCola  teamed up with a D.C. councilman who has claimed that JEWS CONTROL THE WEATHER! 

Woke-a-Cola officials think it is okay to associate with people who embrace hateful rhetoric. 
https://t.co/dxpsCMLyKG $KO #CocaCola #coke #WashingtonDC https://t.co/Ap73ThAy7E",1,1,https://bit.ly/3rHc64D
56,2022-04-27,2344420430,1519387010221457412,United States,"$KO:

New Insider Filing on COCA COLA CO's

President &amp; COO

BRIAN JOHN SMITH:

https://t.co/Gqj8THZkqL",0,0,https://insideri.com/21344_000112760222012567_0001127602-22-012567
57,2022-04-27,1371371521621508097,1519386668150800384,,"KO (COCA COLA CO) üö® #Insider #stock alert! üí∞ #Sale on 2022-04-25 - $KO üá∫üá∏: SMITH BRIAN JOHN (President &amp; COO), total amount $2.400.096",0,0,
58,2022-04-27,336116161,1519386315460124674,,"RT @StockMKTNewz: Best and worst performing Dow Jones stocks so far today

Best:
1 Visa $V
2 Microsoft $MSFT
3 Salesforce $CRM
4 Caterpilla‚Ä¶",0,2,
68,2022-04-27,79789868,1519376975302782976,Denver,"RT @SteveWagsInvest: Some buy &amp; hold forever dividend stocksüí∞

$PG Procter &amp; Gamble
$AAPL Apple
$JNJ Johnson &amp; Johnson
$KHC Kraft Heinz
$PE‚Ä¶",0,37,
74,2022-04-27,963495628545327104,1519371075901136898,,$KO NEW ARTICLE : Coca-Cola Board of Directors Declares Regular Quarterly Dividend https://t.co/U6cQPRKRjn Get all the latest $KO related news here : https://t.co/2RhI5rgGWj https://t.co/rqjZsszoY9,0,0,https://www.stck.pro/news/KO/26861618
77,2022-04-27,1250830691824283648,1519369968533622785,"New York, NY","Coca-Cola $KO today declared a quarterly dividend of $0.44 per share unchanged from its previous dividend

Record date: June 15th
Payable date: July 1st",12,2,
79,2022-04-27,517473849,1519368916807700483,,"$KO The Coca-Cola Company today declared a dividend of 44 cents per common share. The dividend is payable July 1, 2022, to shareowners of record of the company as of the close of business on June 15, 2022.",2,0,
81,2022-04-27,1069693680066420736,1519368650536456198,"New York, USA","$KO [15s. delayed]: Issued Press Release on April 27, 13:30:00: Coca-Cola Board of Directors Declares Regular Quarterly Dividend https://t.co/W9UOP53TX3",0,0,https://s.flashalert.me/pvbHZ
82,2022-04-27,2368733657,1519368282385657858,US markets üëâ,"First out// $KO: Coca-Cola Board of Directors Declares Regular Quarterly Dividend
https://t.co/dHNAG5oATB",0,0,https://www.marketbit.pro/news/2022/04/27/cocacola-board-of-directors-declares-regular-quarterly-dividend
96,2022-04-27,1353432412227821569,1519351676704067584,,"Is Apple $APPL just a computer company? Is Amazon $AMZN just an e-Commerce company? Is Alphabet $GOOGL just a Search Engine? Does The Coca-Cola Company $KO just sell Coca-Cola?
Is $SoFi just a student loan company? The answer is no and it makes up less than 10% of their revs.ü§¶‚Äç‚ôÇÔ∏è",6,0,
97,2022-04-25,1258143450744197121,1518551623672508420,,"Coca-Cola earnings beat Wall Street estimates as revenue jumps 16%: 

https://t.co/vsEoldJDns

#News
#Retail
#Youdle
#Shopping
#ProductSightings",0,0,https://www.cnbc.com/2022/04/25/coca-cola-ko-q1-2022-earnings.html
98,2022-04-25,1184025479084331008,1518551224316043264,India,"(Earnings) Coca-Cola ( $KO ) Actual.EPS=0.64 vs Est.EPS=0.5792, Actual.Rev=10.5B vs Est.Rev=9.83B, Last Quote: $65.25 https://t.co/4OOaHlsEvy",0,0,
99,2022-04-25,933631977923657730,1518551051787407361,ÊÑõÁü•‚áÑÊù±‰∫¨„ÅÆ„Ç¢„É©„Éï„Ç£„ÉïÔºüË®≠ÂÆö„Åß„Åô„Åå„Å™„Å´„ÅãÔºüÔºàÁ¨ëÔºâ,"Coca-Cola earnings beat Wall Street estimates as revenue jumps 16%

https://t.co/vrzLmw3OOy",0,0,https://www.cnbc.com/2022/04/25/coca-cola-ko-q1-2022-earnings.html?__source=androidappshare
100,2022-04-25,475834466,1518551017155186688,,Coca-Cola earnings beat Wall Street estimates as revenue jumps 16% https://t.co/0uNTyjiBpX,0,0,https://www.cnbc.com/2022/04/25/coca-cola-ko-q1-2022-earnings.html
101,2022-04-25,4876582225,1518550650988158976,,StockTwits Trending Alert: Trading recent interest in COCA-COLA¬†$KO https://t.co/WLuzdm6XNj,0,0,https://ideas.quantcha.com/2022/04/25/stocktwits-trending-alert-trading-recent-interest-in-coca-cola-ko-2/
102,2022-04-25,7455352,1518550539474247680,Chicago,$KO Coca-Cola earnings beat Wall Street estimates as revenue jumps 16%    https://t.co/gXvcOcA3n8,6,1,https://www.cnbc.com/2022/04/25/coca-cola-ko-q1-2022-earnings.html
103,2022-04-25,2981421573,1518550361665064961,,$KO Coca-Cola earnings beat Wall Street estimates as revenue jumps 16% https://t.co/JKLotxKJpk,3,0,https://www.cnbc.com/2022/04/25/coca-cola-ko-q1-2022-earnings.html
104,2022-04-25,2612788123,1518550001420546050,,"$KO Coca-Cola Q1 EPS $0.64 Beats $0.58 Est., Sales $10.50B Beat $9.83B Est.; Expects Direct Impacts from Suspension of its Business In Russia Estimated to be 1-2% Impact to Net Revenues and Operating Income",0,0,
105,2022-04-25,474139477,1518549634582515712,"Oxford, United Kingdom","RT @Trade_The_News: $KO Reports Q1 $0.64 v $0.58e, Rev $10.5B v $9.91Be; Q1 Organic Rev +18%  v +9.5%e; Notes 1-2% impact to Rev and Op of‚Ä¶",0,5,
106,2022-04-25,255598976,1518549506031333376,,Coca-Cola earnings beat Wall Street estimates as revenue jumps 16% https://t.co/m0nz7WmxOt #retail #business,0,0,https://ift.tt/NxpaV8k
107,2022-04-25,1425614648,1518549315681234947,London,"RT @LiveSquawk: $KO | Coca Cola Q1 22 Earnings:  
- Adj EPS: $0.64 (est $0.58) 
- Revenue: $10.5Bln (est $9.84Bln) 
- Sees Full Year Adj Or‚Ä¶",0,16,
108,2022-04-25,23482357,1518549281090719744,"Atlanta, Georgia, USA",$KO releases Q1 2022 results. View non-GAAP financial measures reconciliation &amp; safe harbor: https://t.co/gZLq8aINys https://t.co/wY2zADjYWJ,62,6,http://cokeurl.com/4uzrf5
109,2022-04-25,1269758829690052610,1518549078233305092,"Manhattan, NY","Coca-Cola CEO says 'we are confident in our full-year guidance'
$KO",0,0,
110,2022-04-25,3700990397,1518548033687986176,"Florida, USA",Coca-Cola earnings beat Wall Street estimates as revenue jumps 16% @CNBC https://t.co/brZx6Y30EI,1,1,https://www.cnbc.com/2022/04/25/coca-cola-ko-q1-2022-earnings.html?__source=iosappshare%7Ccom.apple.UIKit.activity.PostToTwitter
111,2022-04-25,227469180,1518547952263905280,,Coca-Cola earnings beat Wall Street estimates as revenue jumps 16% @CNBC https://t.co/5gsH0EgQhH,0,0,https://www.cnbc.com/2022/04/25/coca-cola-ko-q1-2022-earnings.html?__source=iosappshare%7Ccom.apple.UIKit.activity.PostToTwitter
112,2022-04-25,229644643,1518547876624109568,ÂçÉËëâÁúåÊµ¶ÂÆâÂ∏ÇËàûÊµú,"RT @TheStreet: Coca-Cola Tops Q1 Earnings Forecast, Holds 2022 Profit Outlook Amid 'Highly Dynamic and Uncertain' Global Markets
https://t.‚Ä¶",0,5,
113,2022-04-25,1481542148990418950,1518547828615831553,"Abuja, Nigeria","Coca-Cola earnings beat Wall Street estimates as revenue jumps 16%

https://t.co/oIDeND1cH4",0,0,https://www.cnbc.com/2022/04/25/coca-cola-ko-q1-2022-earnings.html?__source=androidappshare
115,2022-04-25,270492072,1518547716871270408,,Coca-Cola earnings beat Wall Street estimates as revenue jumps 16% https://t.co/2I7Nd1stey via CNBC #news #CNBC,0,0,https://www.cnbc.com/2022/04/25/coca-cola-ko-q1-2022-earnings.html
117,2022-04-25,1476900499530076163,1518547416429088772,"New Jersey, USA","#diversify

Coca-Cola earnings beat Wall Street estimates as revenue jumps 16% @CNBC https://t.co/LS5TtRlE2x",1,0,https://www.cnbc.com/2022/04/25/coca-cola-ko-q1-2022-earnings.html?__source=iosappshare%7Ccom.apple.UIKit.activity.PostToTwitter
118,2022-04-25,15281391,1518547357733953536,"New York, NY","Coca-Cola Tops Q1 Earnings Forecast, Holds 2022 Profit Outlook Amid 'Highly Dynamic and Uncertain' Global Markets
https://t.co/BhLldfOdSX
@mdbaccardax
$KO $PEP",3,5,https://www.thestreet.com/markets/coca-cola-tops-q1-earnings-forecast-holds-2022-profit-outlook
120,2022-04-25,245990799,1518547248614887432,"PLAINFIELD, IL","Coca-Cola earnings beat Wall Street estimates as revenue jumps 16%

https://t.co/163EO9ypQE",0,0,https://www.cnbc.com/2022/04/25/coca-cola-ko-q1-2022-earnings.html?__source=androidappshare
121,2022-04-25,573866808,1518546856883548160,Argentina,"Coca-Cola earnings beat Wall Street estimates as revenue jumps 16%

https://t.co/m4PdrmZmu4",4,1,https://www.cnbc.com/2022/04/25/coca-cola-ko-q1-2022-earnings.html?__source=androidappshare
122,2022-04-25,1390567843834605569,1518546853276622848,,"$KO | Coca Cola Q1 22 Earnings:  
- Adj EPS: $0.64 (est $0.58) 
- Revenue: $10.5Bln (est $9.84Bln) 
- Sees Full Year Adj Organic Revenue: +7% To +8% (est +8.02%)",1,0,
123,2022-04-25,1269758829690052610,1518546723664285697,"Manhattan, NY","Coca-Cola says Q2 revenue to include 4% currency headwind 
$KO",0,0,
124,2022-04-25,1293678337857028096,1518546702742994945,United States,"$KO - Coca-Cola earnings beat Wall Street estimates as revenue jumps 16%
Earnings per share: 64 cents adjusted vs. 58 cents expected
Revenue: $10.5 billion",1,0,
125,2022-04-25,3316713321,1518546587772928002,"Toronto, Ontario",Coca-Cola Q1 EPS up 64% to 64¬†cents https://t.co/DvJdjaerpR,0,0,https://www.marketwatch.com/tools/quotes/quotes.asp?symb=KO&siteid=rss
126,2022-04-25,1411014555715530752,1518546512070217728,"Kuching, Sarawak","Coca-Cola earnings beat Wall Street estimates as revenue jumps 16%

https://t.co/VFZwnk3C9k",0,0,https://www.cnbc.com/2022/04/25/coca-cola-ko-q1-2022-earnings.html?__source=androidappshare
127,2022-04-25,1041296725640527872,1518546488191819777,Etats-Unis,"Coca-Cola earnings beat Wall Street estimates as revenue jumps 16%
#123INFO 
https://t.co/pUgJAun0eR",0,0,https://www.cnbc.com/2022/04/25/coca-cola-ko-q1-2022-earnings.html
128,2022-04-25,23482357,1518546445913178112,"Atlanta, Georgia, USA",$KO Q1 2022 results announced. View non-GAAP financial measures reconciliation &amp; safe harbor: https://t.co/hfyiPFWUEa,13,1,http://cokeurl.com/5wqse3
129,2022-04-25,140669007,1518546425877090305,"DFW, TX",Coca-Cola earnings beat Wall Street estimates as revenue jumps 16%...#CNBC #Earnings https://t.co/JhF0hONhWG,0,0,https://cnb.cx/3rL93sk
130,2022-04-25,104257356,1518546354540318721,"New York, USA",Coca-Cola must have jacked up prices A LOT (due to inflation) to get sales gains like this $KO https://t.co/q6v7AqFFOJ,5,0,
131,2022-04-25,118200525,1518546250156683264,"Scottsdale, AZ",üá∫üá∏ Coca-Cola earnings beat Wall Street estimates as revenue jumps 16% https://t.co/7Sq713tKfd,1,0,https://cnb.cx/3rNUjsG
132,2022-04-25,983330527477424128,1518546227893313536,"Amsterdam, Nederland",Coca-Cola profiteert van terugkeer horeca en sterke pricing power; Coca-Cola earnings beat Wall Street estimates as revenue jumps 16% https://t.co/6Ybs6mKQxG,1,0,https://www.cnbc.com/2022/04/25/coca-cola-ko-q1-2022-earnings.html?__source=iosappshare%7Ccom.apple.UIKit.activity.CopyToPasteboard
133,2022-04-25,1435005220791193604,1518546227666821122,"GTA, Ontario","Coca-Cola earnings beat Wall Street estimates as revenue jumps 16%

https://t.co/UIVi7kbEIE",0,0,https://www.cnbc.com/2022/04/25/coca-cola-ko-q1-2022-earnings.html?__source=androidappshare
134,2022-04-25,4920178676,1518546087375630336,,Coca-Cola earnings beat Wall Street estimates as revenue jumps 16% https://t.co/Oxh5axYbPq,2,0,https://cnb.cx/3kazO5q
135,2022-04-25,27346078,1518546065338871809,Liberland,Coca-Cola (KO) Q1 2022 earnings https://t.co/pQxmMmzC0K,0,0,https://www.cnbc.com/2022/04/25/coca-cola-ko-q1-2022-earnings.html
138,2022-04-25,1223841954,1518545904663470082,"London, England",Coca-Cola (KO) Q1 2022 earnings should give a boost to #Wallstreet #Dow  https://t.co/8OEuuVW0lH,0,0,https://www.cnbc.com/2022/04/25/coca-cola-ko-q1-2022-earnings.html
139,2022-04-25,2858171394,1518545814246809600,"Bay Area, California",KO Infographic: All you need to know about Coca-Cola‚Äôs Q1 2022 earnings¬†results https://t.co/dPKt23wmcK,0,0,https://news.alphastreet.com/ko-infographic-all-you-need-to-know-about-coca-colas-q1-2022-earnings-results/
142,2022-04-25,1068561714055012352,1518545643936968705,,A Form 8-K [Press/News Current Report] filing has been made with the SEC:  $KO COCA COLA CO  https://t.co/4X9B7o25q9,0,0,https://sec.report/Document/0000021344-22-000013/
143,2022-04-25,1184025479084331008,1518545553008779264,India,"$KO @ 65.25 (-1.45%) : Coca-Cola Non-GAAP EPS of $0.64 beats by $0.06, revenue of $10.5B beats by $670M  https://t.co/cphRurkVZA https://t.co/Nnjiyal7CC",0,0,https://t.me/mehabeclub
145,2022-04-25,1269758829690052610,1518545492447272960,"Manhattan, NY","Coca-Cola backs FY22 organic revenue growth view 7%-8%
$KO",0,0,
146,2022-04-25,1269758829690052610,1518545484100603905,"Manhattan, NY","Coca-Cola reports Q1 global unit case volume up 8%
$KO",0,0,
147,2022-04-25,1269758829690052610,1518545475409956865,"Manhattan, NY","Coca-Cola reports Q1 adjusted operating margin 31.4% vs. 31% a year ago
$KO",0,0,
148,2022-04-25,54852698,1518545239946022913,"The Nation's Capital, MD & VA",$KO Coca-Cola (NYSE:KO) reported quarterly earnings of $0.64 per share which beat the analyst consensus estimate of $0.58 by 10.34 percent. This is a 16.36 percent increase over earnings of $0.55 per share from the same period last year. ‚ú®So #NXTLVL üòÅ,7,0,
149,2022-04-25,47519668,1518545162145832960,Global,"$KO Reports Q1 $0.64 v $0.58e, Rev $10.5B v $9.91Be; Q1 Organic Rev +18%  v +9.5%e; Notes 1-2% impact to Rev and Op of its Russia business suspension (The Coca-Cola Company)
- Affirms FY22 comparable EPS 5-6% (prior +5-6%), Organic Rev +7-8%",12,5,
151,2022-04-25,1325115160353103872,1518545091018715136,,"$KO üìú Coca-Cola Company filed SEC Form 8-K: Results of Operations and Financial Condition, Financial Statements and Exhibits

https://t.co/ZhccQmowQj

This insight appeared 45 seconds early at ‚ö° https://t.co/TvhaBDQJ0C ‚ö°",0,0,https://quantisnow.com/i/2759541?utm_source=twitter
153,2022-04-25,1134049078424162304,1518545049440641024,"New York, NY",Coca-Cola is about to report earnings. Here's what to expect $KO https://t.co/qxTilNLRKH,0,0,https://newsfilter.io/articles/coca-cola-is-about-to-report-earnings-heres-what-to-expect-27226a326b04b365060cde0137dac33b
156,2022-04-25,1402056489842274306,1518544914774061056,,"$KO SEC Filing: 8-K Earnings - COCA COLA CO (0000021344) April 25
 
https://t.co/4qT97Kl77S",0,0,https://marketnewswire.live/index.php/2022/04/25/8-k-earnings-coca-cola-co-0000021344-april-25/
157,2022-04-25,47519668,1518544864471916546,Global,"$KO Reports Q1 $0.64 v $0.58e, Rev $10.5B v $9.91Be; Q1 Organic Rev +18%  v +9.5%e; Notes 1-2% impact to Rev and Op of its Russia business suspension (The Coca-Cola Company)
(More at https://t.co/NwzjicDnGI)",2,1,https://www.tradethenews.com/?twtId=29188
159,2022-04-25,1134049078424162304,1518544297603309569,"New York, NY",Coca-Cola Reports First Quarter 2022 Results $KO https://t.co/yDUSnlXQg5,1,0,https://newsfilter.io/articles/coca-cola-reports-first-quarter-2022-results-c9fbf8f99e47bbec260b4c240a4205a8
160,2022-04-25,1325115160353103872,1518544293543116801,,"$KO üì∞ Coca-Cola Reports First Quarter 2022 Results

https://t.co/lfwj21zvlu

45 seconds delayed.",0,0,https://quantisnow.com/i/2759528?utm_source=twitter
161,2022-04-25,188901937,1518544135128375299,,$KO news Coca-Cola Reports First Quarter 2022 Results,0,0,
162,2022-04-25,1258143450744197121,1518544070775345152,,"Coca-Cola is about to report earnings. Here's what to expect: 

https://t.co/vsEoldJDns

#News
#Retail
#Youdle
#Shopping
#ProductSightings",0,0,https://www.cnbc.com/2022/04/25/coca-cola-ko-q1-2022-earnings.html
163,2022-04-25,787546010,1518543864239636480,Doghouse,Coca-Cola is about to report earnings. Here's what to expect https://t.co/wZUkB4Bdix #news #topstories #berkleybearnews,0,0,http://dlvr.it/SPBkVj
164,2022-04-25,1280330012562874369,1518543858652487681,Southern California,Coca-Cola is about to report earnings. Here's what to expect https://t.co/yanGbuP2PN,0,0,http://dlvr.it/SPBkRc
165,2022-04-25,1500164632027226121,1518543857931022336,,Coca-Cola is about to report earnings. Here's what to expect https://t.co/rF9hNM4Kqn yeager tristan #cnbc #news #michaelangelo,0,0,http://dlvr.it/SPBkTD
166,2022-04-25,1485373354429370376,1518543453772484608,"London, United Kingdom","üá∫üá∏ ùó®ùó¶ ùó≤ùóÆùóøùóªùó∂ùóªùó¥ùòÄ ùòÄùó≤ùóÆùòÄùóºùóª | Coca-Cola $KO will report its latest earnings results before the opening bell on Wall Street today.

Here is what the expectations are ahead of the earnings call üëáüèª

EPS: $0.58
Revenue: $9.832b

#CocaCola #Earnings #Stocks #WallStreet",0,0,
167,2022-04-25,137298172,1518541953914351617,Tirupati,Coca-Cola (KO) Q1 2022¬†earnings https://t.co/wrxoDBwiYj,0,0,https://profitplus.co.in/2022/04/25/coca-cola-ko-q1-2022-earnings/
168,2022-04-25,1304478395280039937,1518541833873338368,,"Coca-Cola is about to report earnings. Here's what to expect

https://t.co/lXFaRjtWNb
#finance #money #trading #debtfree #news #currency #globaltrade #investment #investing #stockmarket #wealth #realestate #markets #economy",1,0,https://www.cnbc.com/2022/04/25/coca-cola-ko-q1-2022-earnings.html
169,2022-04-25,2778274199,1518540202255556609,"Philadelphia, PA","Coca-Cola is about to report earnings. Here's what to expect

https://t.co/IWjyHjml12",0,0,https://www.cnbc.com/2022/04/25/coca-cola-ko-q1-2022-earnings.html?__source=androidappshare
170,2022-04-25,270492072,1518540165073022977,,Coca-Cola is about to report earnings. Here's what to expect https://t.co/2I7Nd1stey via CNBC #news #CNBC,0,0,https://www.cnbc.com/2022/04/25/coca-cola-ko-q1-2022-earnings.html
171,2022-04-25,382691414,1518539046301093888,United States,Coca-Cola (KO) Q1 2022¬†earnings https://t.co/Dqqpu4TRWQ,0,0,https://democracyinnews.com/coca-cola-ko-q1-2022-earnings/
172,2022-04-25,1041296725640527872,1518538934237736960,Etats-Unis,"Coca-Cola is about to report earnings. Here's what to expect
#123INFO 
https://t.co/pUgJAun0eR",0,0,https://www.cnbc.com/2022/04/25/coca-cola-ko-q1-2022-earnings.html
173,2022-04-25,140669007,1518538875047657472,"DFW, TX",Coca-Cola is about to report earnings. Here's what to expect...#CNBC #Earnings https://t.co/JhF0hONhWG,0,0,https://cnb.cx/3rL93sk
174,2022-04-25,356631237,1518538139786264577,"India, UAE, Kuwait, Qatar",Coca-Cola (KO) Q1 2022¬†earnings https://t.co/xnhy3ICbOx,0,0,https://news89.com/coca-cola-ko-q1-2022-earnings/
175,2022-04-25,1193148000450813952,1518537344147677184,Freiburg im Breisgau,RT @CNBC: Coca-Cola is about to report earnings. Here's what to expect https://t.co/lXKwTQ4vW6,0,5,https://cnb.cx/3xRthVl
176,2022-04-25,1374093136495009793,1518537198940737536,USA,Coca-Cola is about to report earnings. Here's what to expect https://t.co/jXwxUWx7px,0,0,http://dlvr.it/SPBfqT
177,2022-04-25,295720136,1518537095073218562,Nairobi-Kenya,Coca-Cola is about to report earnings. Here's what to expect https://t.co/986WTC3Nlv,0,0,https://cnb.cx/38gZPgC
178,2022-04-25,963495628545327104,1518536585611984902,,$KO NEW ARTICLE : Coca-Cola is about to report earnings. Here's what to expect https://t.co/z3n18tNjpa Get all the latest $KO related news here : https://t.co/2RhI5rgGWj https://t.co/JJE1AE5dXJ,0,0,https://www.stck.pro/news/KO/26724957
179,2022-04-25,2940557482,1518536563608604672,"Chicago, IL",Coca-Cola is about to report earnings. Here's what to expect https://t.co/bPzgyFff1I,0,0,http://dlvr.it/SPBfLS
184,2022-04-25,20402945,1518535907158200320,"Englewood Cliffs, NJ",Coca-Cola is about to report earnings. Here's what to expect https://t.co/lXKwTQ4vW6,21,5,https://cnb.cx/3xRthVl
185,2022-04-25,19898168,1518535907040706562,,Coca-Cola is about to report earnings. Here's what to expect https://t.co/iqWzBh0VjU,2,0,https://cnb.cx/3EHLTse
186,2022-04-25,3460125437,1518519963581128704,USA,"RT @StockMKTNewz: Largest stocks that report earnings tomorrow

Before the open:
Coca-Cola $KO
Activision $ATVI
$OTIS
Philips $PHG
Lennox $‚Ä¶",0,10,
187,2022-04-25,4118115682,1518505061114077186,"Meru, Kenya","RT @RufasKe: Top earnings to watch today:

Activision Blizzard, Inc. NASDAQ: $ATVI +16.60% YTD
 
Coca-Cola Co NYSE: $KO +10.03% YTD",0,2,
189,2022-04-25,1336247731589885955,1518504329497436160,"Nairobi, Kenya","Top earnings to watch today:

Activision Blizzard, Inc. NASDAQ: $ATVI +16.60% YTD
 
Coca-Cola Co NYSE: $KO +10.03% YTD",8,2,
190,2022-04-25,1313517451817050113,1518439471728906240,,"$KO--North Star Asset Management Inc. raised its holdings in The Coca-Cola by 6.0% in the 4th quarter, according to the company in its most recent filing with the SEC. The firm owned 30,241 shares of the companys stock after acquiring an additional 1,700 shares...",0,0,
192,2022-04-25,3021456864,1518434430603468801,"Austin, TX",@FrogMoonMama $KO Coca-Cola is my second largest holding and I have some shares in $WMT Walmart too!,0,0,
197,2022-04-25,1444213452403187717,1518418420621996032,The deep blue Honolulu,$KO coca cola last 4d price overlaid with option vol. flow at +$20k on the ask with 1-14DTE shown https://t.co/rdj6Xdckpu,0,0,
198,2022-04-25,1293678337857028096,1518410849223905280,United States,"SOME OF KEY Stocks Earnings week

Coca-Cola $KO
UnitedParcelService $UPS
3M Company $MMM
Microsoft $MSFT
Alphabet $GOOG
Visa $V
GeneralMotors $GM
Boeing $BA
MetaPlatforms $FB
PayPal $PYPL
Ford $F
Twitter $TWTR
Caterpillar $CAT
Mastercard $MA
Apple $AAPL
Amazon $AMZN
Roku $ROKU",2,0,
199,2022-04-25,1445018016371122182,1518410158967336962,"Queens, NY","Almost 180 companies listed in the S&amp;P500 will report results in the coming week. This includes Coca-Cola Company ( $KO ), which looks to extend a bullish streak. #earnings https://t.co/jYwTFX3iEO",0,0,
200,2022-04-25,1390406335343349767,1518401796292726787,"Memphis, TN",$KO imo - Coca Cola is running solely on the strength of the $XLP sector - or - Consumer Staples. $XLP has a lot of short energy diving in - as I think consumer goods have really overshot in the short term - per the likes of $WMT. $KO / $XLP shows little strength as well https://t.co/ZSQExnEkUv https://t.co/8pwYXqH4GP,3,0,https://twitter.com/CarterBills7/status/1518390887390318592
201,2022-04-25,474139477,1518400275840737281,"Oxford, United Kingdom","RT @Live_News_Nick: Good evening. 

No video tonight.

But, I still got you covered. 

What‚Äôs ahead for tomorrow: 

Earnings: Coca-Cola $KO‚Ä¶",0,1,
202,2022-04-25,1466153924855959555,1518394650884640770,,"@notthreadguy KO = the stock symbol for Coca-Cola
DA = Delta Airlines

Possible promo partners?

Or just an homage to Yoda?",4,0,
203,2022-04-25,1004458652256882688,1518387931987197952,"Pennsylvania, USA","Good evening. 

No video tonight.

But, I still got you covered. 

What‚Äôs ahead for tomorrow: 

Earnings: Coca-Cola $KO, Activision-Blizzard $ATVI, Otis $OTIS, Whirlpool $WHR, Zions Bancorp $ZION

Tune into @SquawkCNBC &amp; @CNBCOvertime for earnings before and after the bell!",9,1,
204,2022-04-25,16637745,1518387677506142208,"Bronx, NY /Everett, WA","The Week Ahead In #Earnings. In The Spotlight: Monday, April 25 - Coca-Cola $KO and Activision Blizzard $ATVI #MarketUpdate #MarketWatch https://t.co/KVSD44f51C",0,0,
205,2022-04-25,563084750,1518385360530780164,,"Monday earnings we are watching includes:
Coca-Cola $KO 
Activision Blizzard $ATVI
https://t.co/LTc6zQBrPs https://t.co/PEWZuyyP3N",2,0,https://traderscommunity.com/traders-market-weekly-technology-stocks-on-thin-ice-with-apple-microsoft-and-amazon-all-reporting/
206,2022-04-24,228426881,1518371485353754624,,"RT @Trading_Sunset: Coca Cola $KO broke a new hist' high, currently +5.2% at $65.25. Earnings due early Monday should be fine. Who doesn't‚Ä¶",0,1,
207,2022-04-24,838975053530214400,1518361128648151041,,"RT @StockMKTNewz: Coca-Cola $KO reports earnings tomorrow before the markets open, Wall ST is expecting numbers of

EPS of $0.58 up 5.5% Yo‚Ä¶",0,6,
209,2022-04-24,1440004975057326082,1518358969995210754,Dallas,KO EARNINGS - Coca Cola Earnings - The Day Trader APRIL 25 @Martyn Lucas https://t.co/q4q4JYYQ9V via @YouTube  #CocaCola #koearnings https://t.co/QhjkIOUmLe,1,0,https://youtu.be/Iw0NqCFQm8E
210,2022-04-24,1514406270161375235,1518344425776336897,,"-1.54%,
Coca-Cola Co.
KO,
-1.45%,
Microsoft Corp.
MSFT,
-2.41%,
General Motors Co.
GM,
-2.14%
Google parent Alphabet Inc.
GOOGL,
-4.15%
as examples.

Read:¬†Global equities investors just pulled out $17.5 billion.¬†Bank of America says they're only getting started.",0,0,
211,2022-04-24,2193224916,1518334562287472641,"London, UK","Coca Cola $KO broke a new hist' high, currently +5.2% at $65.25. Earnings due early Monday should be fine. Who doesn't need carbonated high sugar drinks for the end of the modern world? https://t.co/PoIjAd5qj1",12,1,
212,2022-04-24,1099039801397964802,1518334076540932098,,"Upcoming earnings calls on Monday, April 25 2022:
1. $KO Coca-Cola Company (The)
2. $ATVI Activision Blizzard, Inc
3. $SCCO Southern Copper Corporation
4. $SBAC SBA Communications Corporation
5. $ARE Alexandria Real Estate Equities
6. $OTIS Otis Worldwide Corporation",0,0,
213,2022-04-24,374729426,1518318019969093632,"Sunnyvale, CA","Coca-Cola Company to report earnings on April 25, 2022. Earnings per share (EPS) estimate: $0.58 $KO #Coca #stockmarket #stock https://t.co/yY4BAT6gxo https://t.co/kym95Sp9FR",1,0,https://srnk.us/go/3607757
214,2022-04-24,965587404076781568,1518303775248850946,"Clarksburg, MD","RT @codemaster70: üåû pre-market earnings 25-Apr-22
KO Coca-Cola Company
ATVI Activision Blizzard, Inc
OTIS Otis Worldwide Corporation
LII Le‚Ä¶",0,1,
215,2022-04-24,914872466,1518303769561206784,,"üåû pre-market earnings 25-Apr-22
KO Coca-Cola Company
ATVI Activision Blizzard, Inc
OTIS Otis Worldwide Corporation
LII Lennox International, Inc.
CBU Community Bank System, Inc.

#premarket #afterhours #earnings #trader #trading #forex #bitcoin #money #forextrader",1,1,
216,2022-04-24,1136370591517290496,1518298498034192385,,"RT @script_crypto: Earnings for Mon, Apr 25 (BEFORE THE üîî)

$ATVI Activision Blizzard, Inc. ‚è∞ 4:00 AM ET
üéØ - EPS: $0.67 | Rev: $1.82 B

$KO‚Ä¶",0,1,
217,2022-04-24,234610950,1518292298307678209,Nigeria,"I have deep respect for the Coca Cola business. It‚Äôs a revenue machine. Smashed revenue back to back &amp; raised earnings for the coming quarter. 

I‚Äôll be looking forward to $KO earnings for Q1 which is tomorrow before the Stock Market opens.",0,0,
218,2022-04-24,26943695,1518286268173586435,"Austin, TX","#Earnings releases for the week April 25, 2022 are Meta Platforms #FB, Apple #AAPL, Microsoft #MSFT, Amazon #AMZN, PayPal #PYPL, Alphabet #GOOGL, Coca-Cola #KO, UPS #UPS, Twitter #TWTR, and Exxon Mobil #XOM. #Stock 
#stockmarket #investing #investments https://t.co/ZTESitHMXl",0,0,
219,2022-04-24,1148467986816069634,1518284907948085249,"Vancouver, British Columbia","Earnings for Mon, Apr 25 (BEFORE THE üîî)

$ATVI Activision Blizzard, Inc. ‚è∞ 4:00 AM ET
üéØ - EPS: $0.67 | Rev: $1.82 B

$KO Coca-Cola Company ‚è∞ 6:55 AM ET
üéØ - EPS: $0.58 | Rev: $9.82 B

$PHG Royal Philips ‚è∞ BMO
üéØ - EPS: - | Rev: $0.00 M",1,1,
220,2022-04-24,71806758,1518277193096441856,Singapore,"Spiking üöÄ Tomorrow's Earnings
‚û°24 April 2022 : 
$VALE   Vale S.A. ADR
$KO     Coca-Cola Company$LU     Lufax Holding Ltd
$CAJ    Canon Inc ADR
$PHG    Koninklijke Philips Electronics
$ATVI   Activision Blizzard$OTIS   Ot...
To learn more, visit :https://t.co/W2h0QQ2O2z",2,0,https://spi.ke/3JjZI0p
221,2022-04-24,443520671,1518276126338351104,Singapore,"Spiking üöÄ Tomorrow's Earnings
‚û°24 April 2022 : 
$VALE   Vale S.A. ADR
$KO     Coca-Cola Company$LU     Lufax Holding Ltd
$CAJ    Canon Inc ADR
$PHG    Koninklijke Philips Electronics
$ATVI   Activision Blizzard$OTIS   Ot...
To learn more, visit :https://t.co/YZtsKUQDIc",0,0,https://bit.ly/3Dbxzaz
223,2022-04-24,871952725,1518259991479783424,,"RT @DanPriceSeattle: Coca-Cola: there's nothing we can do, we have to raise prices

Also Coca-Cola: our profit is up 65% in a year, we spen‚Ä¶",0,6166,
225,2022-04-24,73635356,1518259132372946944,India,"RT @marketsday: Largest stocks that report earnings tomorrow

Before the open:
Coca-Cola $KO
Activision $ATVI
$OTIS
Philips $PHG
Lennox $LI‚Ä¶",0,1,
226,2022-04-24,1513616245534642176,1518258040688246785,Ceattle,"Some of the other notables reporting this week include Facebook (NASDAQ: FB) owner Meta Platforms, payments companies Visa (NYSE: V) and Mastercard (NYSE: MA), oil giants Chevron (NYSE: CVX) and Exxon Mobil ( NYSE: XOM), and consumer goods companies Coca-Cola (NYSE: KO) and",0,0,
227,2022-04-24,1513616242384699393,1518258036087083008,"Seattle, WA","Some of the other notables reporting this week include Facebook (NASDAQ: FB) owner Meta Platforms, payments companies Visa (NYSE: V) and Mastercard (NYSE: MA), oil giants Chevron (NYSE: CVX) and Exxon Mobil ( NYSE: XOM), and consumer goods companies Coca-Cola (NYSE: KO) and Pepsi",0,0,
228,2022-04-24,1198652680006230017,1518256892077821958,Madrid,"üìä Resultados de esta semana (25-29 abril)

üëâüèº LUNES
Coca-Cola $KO
Activision Blizzard $ATVI

üëâüèº MARTES
Microsoft $MSFT
Google $GOOGL
Visa $V
PepsiCo $PEP
General Electric $GE
Canadian National Railway $CNI
3M $MMM
Waste Management $WM
General Motors $GM

(Sigo)",0,0,
229,2022-04-24,570927672,1518253470167744512,"Salem, Tamil Nadu, India","Largest stocks that report earnings tomorrow

Before the open:
Coca-Cola $KO
Activision $ATVI
$OTIS
Philips $PHG
Lennox $LII

After the close:
Cadence $CDNS
$SBAC
Ameriprise $AMP
Alexandria $ARE
Sun $SUI
Brown $BRO
WR Berkley $WRB
$PKG
Crown $CCK
Universal $UHS
Whirlpool $WHR",0,1,
230,2022-04-24,1250830691824283648,1518252227852484609,"New York, NY","Coca-Cola $KO reports earnings tomorrow before the markets open, Wall ST is expecting numbers of

EPS of $0.58 up 5.5% YoY
Rev of $9.83B up 9.2% YoY",53,6,
233,2022-04-24,150093949,1518209611261636608,Santa Rosa La Pampa,"RT @ClaudioCaparroz: #Earning para la pr√≥xima semana!

Coca-Cola $KO
Microsoft $MSFT 
Pepsi $PEP 
3M $MMM 
Visa $V 
Google $GOOGL 
Meta $FB‚Ä¶",0,2,
234,2022-04-24,1493166297877725184,1518198110362681345,,"#upcoming_reports $KO

Tomorrow (2022-04-25, before market open) Coca-Cola (Soft drinks poducer) is expected to publish report; previous reports statistics is quite strong:

https://t.co/hlJVaiXjqt https://t.co/lf1k0SSx45",0,0,https://eninvs.com/company_US_wide.php?name=KO
235,2022-04-24,1470157942167060480,1518191496691953664,Israel,"RT @torto_ai: **Earnings reports**
YTD chart of the most anticipated companies to report tomorrow - Mon, Apr 25thüìÖ

Activision Blizzard $AT‚Ä¶",0,1,
236,2022-04-24,1499392648875896834,1518181455985319938,Wall St.,"**Earnings reports**
YTD chart of the most anticipated companies to report tomorrow - Mon, Apr 25thüìÖ

Activision Blizzard $ATVI: 16.6%üü¢

Coca-Cola $KO: 10%üü¢

Zions Bancorp $ZION: -5.4%üî¥

Otis $OTIS: -14.2%üî¥

Whirlpool $WHR: -25.3%üî¥

Link to chart &gt;&gt;  https://t.co/70dzqTXOSN https://t.co/3zsFWwCuSK",1,1,https://torto.ai/compare/?assets=KO%2CWHR%2CATVI%2COTIS%2CZION&utm_source=twitter&utm_medium=post&utm_campaign=earningsreportcompare
237,2022-04-24,1350947051077513221,1518179739768442880,"Montr√©al, Qc",RT @extremesb: @VSBYtotheMoon I would love to hear how installs are going with $KO $COKE in New York and what the feedback is so far. Liber‚Ä¶,0,7,
238,2022-04-24,1483843914759131143,1518095118749863936,,"""This Is called Crime by Coca-Cola, crime brought to you by Peloton...They should know better.""
$abbv $appl $amzn $ba $brk $bhc $cmg $dis $f $ge $hlf $iep $jnj $ko $ibm $pep $ms $gs $wfc $jpm  $c $cs $msft $nflx $orcl $tst $pfe $prgo $tsla $mstr $intc $goog $btc $crm $snap $nke https://t.co/Rc67cZOPDe",0,0,
239,2022-04-24,963495628545327104,1518043834420273152,,"$KO $ORLY NEW ARTICLE : Analysts‚Äô Top Consumer Goods Picks: Coca-Cola (KO), O‚ÄôReilly Auto (ORLY) https://t.co/16aJdKrTQW Get all the latest $KO related news here : https://t.co/2RhI5rgGWj",0,0,https://www.stck.pro/news/KO/26647912
240,2022-04-24,626437181,1518032284615512064,"Yuen Long District, Hong Kong","RT @ThePupOfWallSt: $XLP #XLP Consumer Staples Weekly Chart

Money is fleeing to consumer staples as tech stocks continue lower.

Here are‚Ä¶",0,2,
242,2022-04-24,22346163,1518030857809936386,Check out my University ‚Üí,"$XLP #XLP Consumer Staples Weekly Chart

Money is fleeing to consumer staples as tech stocks continue lower.

Here are some of the top holdings: 

Procter &amp; Gamble$PG
Coca-Cola $KO
PepsiCo$PEP
Walmart$WMT
Costco$COST
Philip Morris$PM

Chart courtesy of @TrendSpider https://t.co/Yz4B8zikIA",16,2,
243,2022-04-23,695192531970043904,1518013726703890432,,"RT @European_DGI: 5 excellent dividend kings (50+ years of increases):

üíä $JNJ - Johnson &amp; Johnson
üõí $TGT - Target
 üõç $PG - Procter &amp; Gambl‚Ä¶",0,14,
244,2022-04-23,56678999,1518001045049208832,La Jolla,Trading Coca-cola KO With Integrated Risk Controls: Stock Traders Daily has produced this trading report using a proprietary method.¬† This methodology [...] https://t.co/Phk3t3gvoc Click for Details,0,0,http://dlvr.it/SP73xF
246,2022-04-23,56678999,1517998035304947714,La Jolla,$KO | Trading Coca-cola $KO With Integrated Risk Controls (KO) https://t.co/K1Wm5CuKvY https://t.co/RFvlDcnMc9,0,0,https://tinyurl.com/y2lbkysb
247,2022-04-23,190299834,1517957242586386432,Uno,"#Earning para la pr√≥xima semana!

Coca-Cola $KO
Microsoft $MSFT 
Pepsi $PEP 
3M $MMM 
Visa $V 
Google $GOOGL 
Meta $FB 
Ford $F 
Spotify $SPOT 
Boeing $BA 
Qualcomm $QCOM
Paypal $PYPL
General Electric $GE
Amazon $AMZN
Twitter $TWTR
Apple $AAPL
Intel $INTC
Mastercard $MA https://t.co/aJgrDqYWWD",13,2,
248,2022-04-23,1505557278304440325,1517941926116438016,"Maiduguri, Nigeria",@Jamiiler_ Ko! Safety face with diamond heart and coca cola bottle structure.,0,0,
249,2022-04-23,2188148230,1517930674958782469,"Orlando, FL","@Sales_B2B_ @TickerHistory @StockMKTNewz $KO introduced a new formula that was less popular, during the time of its release, most of the existing stock of traditionally formulated Coca Cola that was made with real sugar was consumed. The ‚Äúuproar‚Äù from the public to bring back old Coca Cola partially succeeded and‚Ä¶1/2",2,0,
250,2022-04-23,15980620,1517929996689592322,NYC,RT @marathe: April 23 1985 #OTD was either the stupidest or the cleverest marketing move ever when Coca Cola $KO introduced ‚ÄúNew Coke‚Äù in r‚Ä¶,0,1,
251,2022-04-23,622242982,1517918490820231170,New York City,"RT @TickerHistory: On this day in 1985 Coca-Cola $KO released ""New Coke"" leading to major public scrutiny

Three months later the company r‚Ä¶",0,3,
253,2022-04-23,2238814035,1517916335350689792,Wall Street,"On this day in 1985 Coca-Cola $KO released ""New Coke"" leading to major public scrutiny

Three months later the company re-introduced the orginal flavor, with the name ""Coca-Cola Classic"" https://t.co/fc3Cly8bzj",19,3,
255,2022-04-23,1002761314199130113,1517861308275859462,U.S.A.,"RT @WBatshoun: It's a big week next week!! The most anticipated earnings releases scheduled for the week are Meta Platforms #FB, Apple #AAP‚Ä¶",0,1,
256,2022-04-23,3846793703,1517857382314954754,"Bayern, Deutschland","RT @juanmiguelworld: Next week, companies planning to release quarterly results include Coca-Cola (KO), 3M (MMM), Visa (V), Microsoft (MSFT‚Ä¶",0,3,
258,2022-04-23,1362986442201440257,1517852758807912450,,"It's a big week next week!! The most anticipated earnings releases scheduled for the week are Meta Platforms #FB, Apple #AAPL, Microsoft #MSFT, Amazon #AMZN, PayPal #PYPL, Alphabet #GOOGL, Coca-Cola #KO, UPS #UPS, Twitter #TWTR, and Exxon Mobil #XOM.

#earnings https://t.co/vkmi0wgmFl",4,1,
261,2022-04-23,366104063,1517847309069037569,EEUU/Delaware üá∫üá∏üáªüá™,"Next week, companies planning to release quarterly results include Coca-Cola (KO), 3M (MMM), Visa (V), Microsoft (MSFT), General Motors (GM), Boeing (BA), Caterpillar (CAT), Apple (AAPL), Amazon (AMZN), Chevron (CVX) and Exxon Mobil (XOM).",4,3,
264,2022-04-23,228426881,1517830317733818370,,"RT @StockMKTNewz: Largest stocks that hit new 52 Week Highs at some point today

Walmart $WMT
Coca-Cola $KO
Pepsi $PEP
Bristol Myers $BMY
R‚Ä¶",0,11,
266,2022-04-23,252139226,1517812664776417280,Oakville,"@VSBYtotheMoon I would love to hear how installs are going with $KO $COKE in New York and what the feedback is so far. Liberty Coca-Cola, Arca Continental &amp; Swire Coca-Cola are some of the biggest bottlers in the world‚Ä¶.also #FEMSA which happens to own #Imbera coolers üëÄüôèüíö $VSBY $VSBGF $INTC",28,7,
267,2022-04-23,1136370591517290496,1517795145839783936,,"RT @Mino_1_5: 1 Week 
Overview

Apple.          $aapl -1,3
Amazon       $amzn -4,73
Microsoft.   $msft -1,75
Tesla            $tsla 1,62
Co‚Ä¶",0,1,
268,2022-04-23,1517622410211692544,1517794987274125312,New York,"1 Week 
Overview

Apple.          $aapl -1,3
Amazon       $amzn -4,73
Microsoft.   $msft -1,75
Tesla            $tsla 1,62
Coca-Cola  $ko 0,74
Netflix.        $nflx -36,61
Alibaba        $baba -7,76
Meta            $fb -12,33",0,1,
269,2022-04-23,1087186748881260544,1517767551694282752,How to make Miracles PREDICTABLE ‚ûΩ,"RT @StockMKTNewz: Early look at the largest stocks that report earnings next week

Apple $AAPL
Microsoft $MSFT
Google $GOOGL
Amazon $AMZN
M‚Ä¶",0,13,
270,2022-04-23,4876582225,1517727037619941376,,StockTwits Trending Alert: Trading recent interest in COCA-COLA¬†$KO https://t.co/RH7TqzrQk9,0,0,https://ideas.quantcha.com/2022/04/22/stocktwits-trending-alert-trading-recent-interest-in-coca-cola-ko/
275,2022-04-22,606615769,1517584615870971907,,This Coca Cola Stock (KO) setup using the Trade Ahead Of Earnings Strategy has a goal of a 90% return. There was an adjustment made to this trade from the original outline. https://t.co/nj3e9OVfoc,0,0,https://www.fullyinformed.com/goal-of-90-return-for-coca-cola-stock-ko-trade-ahead-of-earnings-strategy-setup-for-apr-22-2022/
276,2022-04-22,1409136558628913152,1517574450400616448,,"RT @proximilar: Coca-Cola $KO will release its #earnings pre-open on Monday.

Want to see the best estimates of Coke's #EPS and revenues? O‚Ä¶",0,1,
277,2022-04-22,963495628545327104,1517573131170455552,,$KO NEW ARTICLE : Will pricing pressures hurt Coca-Cola's Q1 earnings? https://t.co/zxn5qMyPiW Get all the latest $KO related news here : https://t.co/2RhI5rgGWj,0,0,https://www.stck.pro/news/KO/26570638
278,2022-04-22,15296897,1517570919601885184,New York,$KO - Will pricing pressures hurt Coca-Cola's Q1 earnings? https://t.co/Op1VndEQ8p,2,0,https://seekingalpha.com/news/3825898-will-pricing-pressures-hurt-coca-colas-q1-earnings?source=feed_f&utm_campaign=twitter_automated&utm_content=news&utm_medium=social&utm_source=twitter_automated
279,2022-04-22,963495628545327104,1517569857805561856,,$KO NEW ARTICLE : What To Expect From Coca-Cola's Q1? https://t.co/mWHMRMhBKd Get all the latest $KO related news here : https://t.co/2RhI5rgGWj,0,0,https://www.stck.pro/news/KO/26568852
280,2022-04-22,1279007284362969088,1517563618073657348,Bahamas,"I have a different way I‚Äôll be looking at dividend paying companies. 

They‚Äôre like holding a bond that pays you dividend + capital gains. 

EG: Coca Cola $KO",2,0,
282,2022-04-22,701438261298860034,1517550904219779075,"New York, NY","Coca-Cola $KO will release its #earnings pre-open on Monday.

Want to see the best estimates of Coke's #EPS and revenues? Our ü§ñAI-driven stock predictions are the most accurate and detailed in the worldüèÜ

‚¨áÔ∏èGet our *complete* forecast now at the link‚¨áÔ∏è
https://t.co/rnWaATMUaI https://t.co/ixf5eReE9y",3,1,https://stocks.proximilar.com/KO
284,2022-04-22,65322030,1517549044515676160,Switzerland,"$KO Coca Cola fantastic trade, time to take profits https://t.co/o4tYw1BcN2",0,0,
288,2022-04-22,1250830691824283648,1517542635300347904,"New York, NY","Early look at the largest stocks that report earnings next week

Apple $AAPL
Microsoft $MSFT
Google $GOOGL
Amazon $AMZN
Meta $FB
Visa $V
Exxon $XOM
Mastercard $MA
Chevron $CVX
Coca-Cola $KO
Eli Lilly $LLY
AbbVie $ABBV
Pepsi $PEP
Thermo Fisher $TMO
Novartis $NVS
Merck $MRK
$CMCSA",40,13,
289,2022-04-22,2368733657,1517503850453868545,US markets üëâ,"First out// $KO: Earnings Preview For Coca-Cola
https://t.co/pUQ4P9vY82",0,0,https://www.marketbit.pro/news/2022/04/22/earnings-preview-for-cocacola
290,2022-04-22,1306597845953318912,1517497203861995520,"New York, NY","‚úÖ $KO: ""Coca"" mentioned during SAP SE earnings event https://t.co/R2jkRLLFn6",0,0,http://a.aiera.com/pM5h
291,2022-04-22,1306597845953318912,1517497201928380416,"New York, NY","‚úÖ $KO: ""Coca"" mentioned during SAP earnings event https://t.co/v30B6FlJay",0,0,http://a.aiera.com/pM5e
292,2022-04-22,725577499,1517496948068130818,,$KO is considered a top pick among dividend-oriented investors who have enjoyed decades of growing dividends. https://t.co/lj5IYouVcC,1,0,https://bit.ly/3MgBWEt
293,2022-04-22,963677199478947840,1517488401070493697,,"Here's Why Coca-Cola $KO Looks Poised for Q1 #Earnings #Beat!

https://t.co/8O2nSCuYAC

#finance #markets #stockmarket #economy #business #investing #trading #USA #NYC",0,0,https://finance.yahoo.com/news/heres-why-coca-cola-ko-133601796.html
294,2022-04-22,36458488,1517458481246351361,#RedSoxNation ,"$TSLA - Analysts Offer Insights on Consumer Goods Companies: Bed Bath &amp; Beyond (BBBY), Coca-Cola (KO) and Tesla https://t.co/ynfsY4Rejy",0,0,http://ih.advfn.com/stock-market/NASDAQ/tesla-TSLA/stock-news/87885067/analysts-offer-insights-on-consumer-goods-companie?adw=1126416
295,2022-04-22,1264952500865597442,1517450621993033728,,"$ko
Coca-Cola Q1 Earnings Preview: Everything You Need to Know
https://t.co/nV739tdEFG",0,0,https://www.investreader.com/articles/cocacola-q1-earnings-preview-everything-you-need-to-know-1650652003/
296,2022-04-22,121158213,1517448412299333636,,RT @AlertTrade: Trading Ideas: Coca Cola multiyear top https://t.co/t2aNO1m3Gs üìà FREE trade-of-week via ‚ü∂ https://t.co/BCEHq7Ce2N https://t‚Ä¶,0,1,http://dlvr.it/SP2TNC
297,2022-04-22,121158213,1517446385120911365,,Trading Ideas: Coca Cola multiyear top https://t.co/t2aNO1m3Gs üìà FREE trade-of-week via ‚ü∂ https://t.co/BCEHq7Ce2N https://t.co/NW1nVBsuZ0,0,1,http://dlvr.it/SP2TNC
298,2022-04-22,963495628545327104,1517412913497231360,,$KO NEW ARTICLE : Coca-Cola Q1 Earnings Preview: Everything You Need to Know https://t.co/m8Knn8HWaC Get all the latest $KO related news here : https://t.co/2RhI5rgGWj,0,0,https://www.stck.pro/news/KO/26543787
299,2022-04-22,1265797105840340992,1517403211375599616,SBIË®ºÂà∏‚ÜíÊ•ΩÂ§©Ë®ºÂà∏,"RT @SteveWagsInvest: Some of my favorite dividend growth stocksüí∏

$COST Costco
$O Realty Income
$STAG STAG Industrial
$WM Waste Management‚Ä¶",0,9,
304,2022-04-22,788787131468619776,1517355309328650241,,"The Coca Cola Company is one of my core stock holdings, together with Nestl√©, PepsiCo, Unilever, L‚ÄòOreal, LVMH. Not spectacular, sometimes kind of boring, but robust.
KO tackled challenges, e.g. during the pandemic, but in the process grew stronger. 

https://t.co/VA4hkdM1qg",10,0,https://www.myfinancialshape.com/2018/01/20/stocks-rewarding-for-doing-nothing/
307,2022-04-22,12880302,1517318720602861568,,"This won't sound like a lot to the new breed of traders/investors out there but Coca-Cola $ko is up 26% since December. That is a massive move in the long history of this name. Not a surprise to see Consumer Staples $xlp hit an ATH today, acting defensive with momentum.",1,0,
309,2022-04-22,32826249,1517298220598439936,Surabaya,"Quality and value is in the Overvalued area $ADBE $KO , while classic GARP is pretty cheap $GOOG $FB

No you dummy, Coca Cola is not as essential and durable as Google Search.
Also, $NFLX is more compelling than @COST at this price.",0,0,
319,2022-04-21,1250830691824283648,1517226920009773056,"New York, NY","Largest stocks that hit new 52 Week Highs at some point today

Walmart $WMT
Coca-Cola $KO
Pepsi $PEP
Bristol Myers $BMY
Raytheon $RTX
Prologis $PLD
Anthem $ANTM
Altria $MO
Marsh $MMC
Duke $DUK
$HCA
Southern $SO
Public Storage $PSA
$AON
Marriott $MAR
Enterprise $EPD
Metlife $MET",38,11,
320,2022-04-21,1463681584767242243,1517219480228614144,,"RT @StockMKTNewz: Best and worst performing Dow Jones stocks so far today

Best:
1 $DOW
2 $IBM
3 Verizon $VZ
4 Walgreens $WBA
5 Coca-Cola $‚Ä¶",0,5,
321,2022-04-21,255823529,1517214060013621251,"Cincinnati, OH",@ekstersun Everything is red except for HRL and KO.  Spam and Coca Cola are household necessities apparently,0,0,
325,2022-04-21,1395754988006166530,1517205934338195456,,"Some of my favorite dividend growth stocksüí∏

$COST Costco
$O Realty Income
$STAG STAG Industrial
$WM Waste Management
$PG Procter &amp; Gamble
$HD Home Depot
$DLR Digital Realty 
$JNJ Johnson &amp; Johnson
$LMT Lockheed Martin
$KO Coca-Cola

What are some of your favorites?",63,9,
329,2022-04-21,1250830691824283648,1517200548025585665,"New York, NY","Best and worst performing Dow Jones stocks so far today

Best:
1 $DOW
2 $IBM
3 Verizon $VZ
4 Walgreens $WBA
5 Coca-Cola $KO
6 Nike $NKE
7 3M $MMM

Worst:
1 Chevron $CVX
2 Salesforce $CRM
3 Home Depot $HD
4 Disney $DIS
5 Goldman $GS
6 UnitedHealth $UNH
7 American Express $AXP",14,5,
331,2022-04-21,1502721575497641986,1517178205215420416,,"RT @SteveWagsInvest: Here‚Äôs a list of my favorite Dividend Kingsüí∞

$JNJ Johnson &amp; Johnson 
$PG Procter &amp; Gamble
$KO Coca-Cola
$MMM 3M 
$TGT‚Ä¶",0,48,
332,2022-04-21,1364551045674893316,1517171192716840960,,"RT @austingreentech: Coinbase‚Äôs PE ratio falls under 10 for the first timeüëÄ
Coca-cola‚Äôs is around 30 

Strange times 
$COIN
$KO",0,1,
333,2022-04-21,1396688200609918977,1517167950448381953,"Santa Barbara, CA","Coinbase‚Äôs PE ratio falls under 10 for the first timeüëÄ
Coca-cola‚Äôs is around 30 

Strange times 
$COIN
$KO",2,1,
334,2022-04-21,1351455082798338048,1517159870184656897,"Johannesburg, South Africa","@artofinvestmnt Long-term investor.

Stock market requires patience and time for your portfolio to grow through compound interest. 

Buffet has held his investments for almost 50 years. 

He bought Coca-Cola (KO) stock in 1988, and still holds the stocks today.",0,0,
335,2022-04-21,1332193514235457536,1517159750307246082,,"$ATVI $KO $OTIS - Earnings Previews: Activision Blizzard, Coca-Cola, Otis Worldwide https://t.co/0oFzTtmt3e https://t.co/iWyUGNDCNQ",0,0,https://www.beeken.io/bhlp?utm_content=newsfeed-Industrial%20Goods-ATVI&utm_source=dlvr.it&utm_medium=twitter
340,2022-04-21,1351984750978805766,1517105110471659524,,"RT @StockMKTNewz: Largest stocks that hit new 52 Week Highs at some point today

Walmart $WMT
Coca-Cola $KO
Raytheon $RTX
Deere $DE
Prologi‚Ä¶",0,4,
342,2022-04-21,21522989,1517090031638351873,"Washington, DC","TNFG‚Äôs Top Ten Dividend Paying Stocks: üìäüí∞

$XOM ExxonMobil 
$JNJ Johnson &amp; Johnson 
$PG Procter &amp; Gamble
$KO Coca-Cola
$NKE Nike
$MAIN MAIN (REIT)
$ABBV AbbVie
$LOW Lowe‚Äôs
$JEPI JEPI
$T AT&amp;T

Are you earning dividends? If so, where? ü§îüìöüí∏",4,0,
344,2022-04-21,144351126,1517069371675484160,EMEA,"RT @amazonholder1: Has anyone looked at these financials?

the ""value"" name trades 26x NTM earnings,22x ev/ebitda &amp; will grow sales at 6%.‚Ä¶",0,13,
345,2022-04-21,1136370591517290496,1517062039969144832,,RT @0xWolff: I have a far deeper respect for the Coca Cola business. It‚Äôs a revenue machine. Smashed revenue back to back &amp; raised earnings‚Ä¶,0,3,
349,2022-04-21,1150437355620392960,1517048453049856000,"Brussels, Belgium",RT @Wolffshito: I have a far deeper respect for the Coca Cola business. It‚Äôs a revenue machine. Smashed revenue back to back &amp; raised earni‚Ä¶,0,3,
357,2022-04-21,1106801120796643329,1517015884313014272,ùì¢ùó∂ùó∫ùóΩùóπùó≤ ùó∫ùóºùóøùóªùó∂ùóªùó¥ ùóøùó∂ùòÅùòÇùóÆùóπ ùòÅùóº ùñíùñÜùñìùñéùñãùñäùñòùñô ùñàùñÜùñòùñç ‚ûî,"$KO How is it possible that Coca Cola has bigger P/E than Google? , Qualcomm , Broadcom , micron , AMD. Unbelievable $SOXL $QQQ $SPY ‚ú®",0,0,
359,2022-04-21,1345999028,1517012927647154176,,"@tlagomi Quoting from Yahoo Finance ""Apple Inc. (AAPL), Bank of America Corporation (BAC), and The Coca-Cola Company (KO). These three stocks hold some of the largest positions in Buffett's investment portfolio, making up 47.6%, 13.6%, and 7.2% of the portfolio, respectively."" Conviction!",1,0,
360,2022-04-21,4765301379,1517007746226393089,Visit my blog üëâüëâüëâ,"5 excellent dividend kings (50+ years of increases):

üíä $JNJ - Johnson &amp; Johnson
üõí $TGT - Target
 üõç $PG - Procter &amp; Gamble
ü•§ $KO - Coca-Cola
üìé $MMM - 3M

I own $JNJ, $MMM and would love to own $PG and $TGT

Do you own any of these?

#dividends #dividendinvesting",154,14,
361,2022-04-21,74735911,1516997091947651073,Israel,"RT @zknflz: Here‚Äôs a list of my favorite Dividend Kings

$FSUGY Fortescue Metals
$PG Procter &amp; Gamble
$KO Coca-Cola
$BAK Braskem
$TGT Targe‚Ä¶",0,4,
